index,entry,original page,page in this PDF,method
part0048,一系列（Reihe），上254[511],上254,198,term
part0048,人（Person），上126,上126,74,interp
part0048,人格（Person），下56[512],下56,356,term
part0048,人格（Persönlichkeit），下65，114，118,下65,365,term
part0048,人格（Persönlichkeit），下65，114，118,下114,414,term
part0048,人格（Persönlichkeit），下65，114，118,下118,418,term
part0048,人民（Demos），下222,下222,522,term
part0048,人类（Menschheit），上267,上267,211,term
part0048,力（Kraft），上90，91,上90,39,interp
part0048,力（Kraft），上90，91,上91,40,interp
part0048,力的交互作用（Spiel der Kräfte），上147,上147,96,term
part0048,力量的游戏（Spiel der Kräfte），上341,上341,285,term1
part0048,力量（Macht），下7,下7,306,interp
part0048,三一体（Triplizität），上83,上83,33,term
part0048,三一体（Dreieinigkeit），上83，下245,上83,33,term
part0048,三一体（Dreieinigkeit），上83，下245,下245,545,term1
part0048,土（Erde），上321,上321,265,interp
part0048,下界（Unterwelt），下223,下223,524,term
part0048,工匠（Werkmeister），下195,下195,496,term
part0048,上帝（Gott），上38，46，下112，166，180，234,上38,xxxix,interp
part0048,上帝（Gott），上38，46，下112，166，180，234,上46,xlvii,interp
part0048,上帝（Gott），上38，46，下112，166，180，234,下112,412,term
part0048,上帝（Gott），上38，46，下112，166，180，234,下166,468,term
part0048,上帝（Gott），上38，46，下112，166，180，234,下180,482,term
part0048,上帝（Gott），上38，46，下112，166，180，234,下234,534,term
part0048,上帝崇拜（Gottesdienst），下167,下167,468,term
part0048,才能（Fähigkeit），上177，253，265,上177,125,term
part0048,才能（Fähigkeit），上177，253，265,上253,198,term
part0048,才能（Fähigkeit），上177，253，265,上265,209,term
part0048,才能（Talent），上265，下81,上265,209,term
part0048,才能（Talent），上265，下81,下81,381,term
part0048,丈夫（Mann），下18,下18,317,term
part0048,万神殿（Pantheon），下216，233，235,下216,517,term
part0048,万神殿（Pantheon），下216，233，235,下233,534,term
part0048,万神殿（Pantheon），下216，233，235,下235,536,term
part0048,小聪明（Geschicklichkeit），上190,上190,137,term
part0048,义务（Pflicht），下25，119，131，138，144，148，170，,下25,324,term
part0048,义务（Pflicht），下25，119，131，138，144，148，170，,下119,419,interp
part0048,义务（Pflicht），下25，119，131，138，144，148，170，,下131,432,term
part0048,义务（Pflicht），下25，119，131，138，144，148，170，,下138,438,term
part0048,义务（Pflicht），下25，119，131，138，144，148，170，,下144,445,term
part0048,义务（Pflicht），下25，119，131，138，144，148，170，,下148,449,term
part0048,义务（Pflicht），下25，119，131，138，144，148，170，,下170,471,term
part0048,义务（Pflicht），下25，119，131，138，144，148，170，,下179,480,term
part0048,义务（Pflicht），下25，119，131，138，144，148，170，,下266,566,term
part0048,个人（Person），上242，下33，37,上242,186,term
part0048,个人（Person），上242，下33，37,下33,332,term
part0048,个人（Person），上242，下33，37,下37,336,term1
part0048,个人所有权（Eigentum），下17,下17,316,term1
part0048,个体（Individualität），上193，225,上193,139,term
part0048,个体（Individualität），上193，225,上225,169,term
part0048,个体性（Individualität），上177，226，258，259，262,上177,124,term
part0048,个体性（Individualität），上177，226，258，259，262,上226,171,term
part0048,个体性（Individualität），上177，226，258，259，262,上258,203,term
part0048,个体性（Individualität），上177，226，258，259，262,上259,204,term
part0048,个体性（Individualität），上177，226，258，259，262,上262,206,term
part0048,个体性（Individualität），上177，226，258，259，262,上263,208,term
part0048,个体性（Individualität），上177，226，258，259，262,上264,208,term
part0048,个体性（Individualität），上177，226，258，259，262,上265,209,term
part0048,个体性（Individualität），上177，226，258，259，262,下20,319,term
part0048,个体性（Individualität），上177，226，258，259，262,下29,328,term1
part0048,个体性（Individualität），上177，226，258，259，262,下42,341,term
part0048,个体性（Individualität），上177，226，258，259，262,下68,368,term
part0048,个体性（Individualität），上177，226，258，259，262,下82,381,term
part0048,个体性（Individualität），上177，226，258，259，262,下156,457,term
part0048,个体性（Individualität），上177，226，258，259，262,下161,462,term
part0048,个体性（Individualität），上177，226，258，259，262,下200,501,term
part0048,个体性（Individualität），上177，226，258，259，262,下219,519,term
part0048,个体（Individuum），上18，178，193，225，下32，198,上18,xx,interp
part0048,个体（Individuum），上18，178，193，225，下32，198,上178,125,interp
part0048,个体（Individuum），上18，178，193，225，下32，198,上193,139,term
part0048,个体（Individuum），上18，178，193，225，下32，198,上225,169,term
part0048,个体（Individuum），上18，178，193，225，下32，198,下32,331,term
part0048,个体（Individuum），上18，178，193，225，下32，198,下198,500,term
part0048,个人（Individuum），上126,上126,75,term
part0048,个性（Charakter），上226，下26,上226,171,term
part0048,个性（Charakter），上226，下26,下26,325,term
part0048,子女（Kind），下18,下18,317,term
part0048,女性（Weiblichkeit），下18，35,下18,317,term
part0048,女性（Weiblichkeit），下18，35,下35,334,term
part0048,女巫（Hexen），下224,下224,525,term
part0048,天才（Genie），下81,下81,381,term
part0048,天（Himmel），下184,下184,485,interp
part0048,天界（Himmel），下227,下227,527,term
part0048,"无机物（Unorganische,das），上232，250",上232,176,term
part0048,"无机物（Unorganische,das），上232，250",上250,194,term
part0048,无政府体制（Anarchie），下126,下126,426,term1
part0048,无限性（Unendlichkeit），上165,上165,113,term
part0048,专制政体（Despotismus），下85,下85,385,term
part0048,艺术（Kunst），下197，231,下197,498,term
part0048,艺术（Kunst），下197，231,下231,531,term
part0048,艺术品（Kunstwerk），下197，208,下197,498,term
part0048,艺术品（Kunstwerk），下197，208,下208,508,term
part0048,艺术家（Künstler），下204，211,下204,505,term
part0048,艺术家（Künstler），下204，211,下211,512,term
part0048,历史（Historie），上34,上34,xxxvi,interp
part0048,巨灵（Titanen），下203,下203,504,term
part0048,太阳（Phöbus），下224,下224,525,term1
part0048,水（Wasser），下49,下49,348,interp
part0048,中介（Vermittelung），上61,上61,11,term
part0048,内容（Inhalt），上90，209，290，291，下155，162，215，,上90,39,term
part0048,内容（Inhalt），上90，209，290，291，下155，162，215，,上209,155,term
part0048,内容（Inhalt），上90，209，290，291，下155，162，215，,上290,234,term
part0048,内容（Inhalt），上90，209，290，291，下155，162，215，,上291,235,term
part0048,内容（Inhalt），上90，209，290，291，下155，162，215，,下155,456,term
part0048,内容（Inhalt），上90，209，290，291，下155，162，215，,下162,462,term
part0048,内容（Inhalt），上90，209，290，291，下155，162，215，,下215,516,term
part0048,内容（Inhalt），上90，209，290，291，下155，162，215，,下255,556,term
part0048,内容（Inhalt），上90，209，290，291，下155，162，215，,下263,564,interp
part0048,内容（Inhalt），上90，209，290，291，下155，162，215，,下268,568,term
part0048,内容（Inhalt），上90，209，290，291，下155，162，215，,下270,570,term
part0048,内涵（Extension），上243,上243,188,term
part0048,内脏系统（Eingeweide），上240,上240,185,term1
part0048,内部生殖器官（Eingeweide der Reproduktion），上245,上245,190,term1
part0048,化学（Chemie），上227，231,上227,171,term
part0048,化学（Chemie），上227，231,上231,175,term
part0048,心情（Gemüt），上204，205，208,上204,150,term
part0048,心情（Gemüt），上204，205，208,上205,151,term
part0048,心情（Gemüt），上204，205，208,上208,154,term
part0048,公民（Bürger），下11，19,下11,311,term
part0048,公民（Bürger），下11，19,下19,319,term
part0048,公设（Postulat），下140,下140,440,term
part0048,手段（Hand），上237,上237,181,term
part0048,手段（Mittel），上255,上255,199,term
part0048,反驳（Widerlegung），上65,上65,15,term
part0048,分析（Analyse），上29,上29,xxxi,interp
part0048,分裂，分裂为二（Entzweien），上118，146，147，161；上165,上118,66,term
part0048,分裂，分裂为二（Entzweien），上118，146，147，161；上165,上146,94,term
part0048,分裂，分裂为二（Entzweien），上118，146，147，161；上165,上147,95,term
part0048,分裂，分裂为二（Entzweien），上118，146，147，161；上165,上161,109,term
part0048,分裂，分裂为二（Entzweien），上118，146，147，161；上165,上165,114,term1
part0048,分裂，分裂为二（Entzweien），上118，146，147，161；上165,上166,114,term1
part0048,分裂，分裂为二（Entzweien），上118，146，147，161；上165,上167,115,term
part0048,分裂，分裂为二（Entzweien），上118，146，147，161；上165,上201,147,term
part0048,分裂，分裂为二（Entzweien），上118，146，147，161；上165,下7,306,term
part0048,分裂，分裂为二（Entzweien），上118，146，147，161；上165,下23,322,term
part0048,分裂，分裂为二（Entzweien），上118，146，147，161；上165,下65,365,term
part0048,分裂，分裂为二（Entzweien），上118，146，147，161；上165,下110,410,term
part0048,分裂，分裂为二（Entzweien），上118，146，147，161；上165,下189,490,term
part0048,分裂，分裂为二（Entzweien），上118，146，147，161；上165,下196,497,term
part0048,分裂，分裂为二（Entzweien），上118，146，147，161；上165,下211,512,interp
part0048,分裂，分裂为二（Entzweien），上118，146，147，161；上165,下221,521,term
part0048,分裂，分裂为二（Entzweien），上118，146，147，161；上165,下250,550,term
part0048,分裂，分裂为二（Entzweien），上118，146，147，161；上165,下266,566,term
part0048,分裂，分裂为二（Entzweien），上118，146，147，161；上165,下269,568,term
part0048,分裂性（Zerrissenheit），下66,下66,366,term
part0048,认识（Auffassen），上64，78，80,上64,14,term
part0048,认识（Auffassen），上64，78，80,上78,28,term
part0048,认识（Auffassen），上64，78，80,上80,30,term
part0048,文化（Bildung），上29,上29,xxxi,interp
part0048,方法（Methode），上34，60,上34,xxxvi,interp
part0048,方法（Methode），上34，60,上60,10,term
part0048,火（Feuer），下49,下49,348,interp
part0048,心（Herz），上260，下22,上260,204,interp
part0048,心（Herz），上260，下22,下22,321,interp
part0048,引力（Attraktion），上156,上156,104,term
part0048,"比重（Schwere,spezifische），上244",上244,189,term
part0048,节奏（Rhythmus），上70,上70,20,interp
part0048,平等（Gleichheit），下22，46,下22,322,term
part0048,平等（Gleichheit），下22，46,下46,345,term
part0048,正义（Gerechtigkeit），下22,下22,322,term
part0048,"本质（Wesentlich,Wesenheit），上83，85",上83,33,interp
part0048,"本质（Wesentlich,Wesenheit），上83，85",上85,35,term
part0048,可能性（Möglichkeit），上250,上250,195,term
part0048,可浸透性（Porosität），上144,上144,92,term1
part0048,世界精神（Weltgeist），上16，193，218，下238，273,上16,xviii,term
part0048,世界精神（Weltgeist），上16，193，218，下238，273,上193,139,term
part0048,世界精神（Weltgeist），上16，193，218，下238，273,上218,162,term
part0048,世界精神（Weltgeist），上16，193，218，下238，273,下238,538,term
part0048,世界精神（Weltgeist），上16，193，218，下238，273,下273,573,term
part0048,世界进程（Weltlauf），下294,下294,,none
part0048,世界的灵魂（Weltseele），上165,上165,114,term1
part0048,目的（Zweck），上6，193，223，234，235，236，237，252,上6,,none
part0048,目的（Zweck），上6，193，223，234，235，236，237，252,上193,140,interp
part0048,目的（Zweck），上6，193，223，234，235，236，237，252,上223,167,term
part0048,目的（Zweck），上6，193，223，234，235，236，237，252,上234,178,term
part0048,目的（Zweck），上6，193，223，234，235，236，237，252,上235,179,term
part0048,目的（Zweck），上6，193，223，234，235，236，237，252,上236,180,term
part0048,目的（Zweck），上6，193，223，234，235，236，237，252,上237,181,term
part0048,目的（Zweck），上6，193，223，234，235，236，237，252,上252,197,term
part0048,目的（Zweck），上6，193，223，234，235，236，237，252,上274,219,term
part0048,目的（Zweck），上6，193，223，234，235，236，237，252,下127,427,term
part0048,电，电力（Elektrizität），上84，157，158,上84,34,interp
part0048,电，电力（Elektrizität），上84，157，158,上157,105,interp
part0048,电，电力（Elektrizität），上84，157，158,上158,106,interp
part0048,业绩（Werk），下7,下7,306,term
part0048,史诗（Epos），下217,下217,517,term
part0048,必然性（Notwendigkeit），下22，220，236，273,下22,321,term
part0048,必然性（Notwendigkeit），下22，220，236，273,下220,521,term
part0048,必然性（Notwendigkeit），下22，220，236，273,下236,537,term
part0048,必然性（Notwendigkeit），下22，220，236，273,下273,573,term
part0048,犯罪（Verbrechen），上163,上163,111,term
part0048,生命（Leben），上86，87，89，98，165，175，185，193,上86,35,term
part0048,生命（Leben），上86，87，89，98，165，175，185，193,上87,36,term
part0048,生命（Leben），上86，87，89，98，165，175，185，193,上89,38,term
part0048,生命（Leben），上86，87，89，98，165，175，185，193,上98,47,term
part0048,生命（Leben），上86，87，89，98，165，175，185，193,上165,114,term
part0048,生命（Leben），上86，87，89，98，165，175，185，193,上175,122,term
part0048,生命（Leben），上86，87，89，98，165，175，185，193,上185,131,term
part0048,生命（Leben），上86，87，89，98，165，175，185，193,上193,139,term
part0048,立场（Partei），上338,上338,282,term
part0048,主体（Subjekt），上14，15，25，28，33，下123，126，225,上14,xvi,interp
part0048,主体（Subjekt），上14，15，25，28，33，下123，126，225,上15,xvii,interp
part0048,主体（Subjekt），上14，15，25，28，33，下123，126，225,上25,xxvii,interp
part0048,主体（Subjekt），上14，15，25，28，33，下123，126，225,上28,xxx,interp
part0048,主体（Subjekt），上14，15，25，28，33，下123，126，225,上33,xxxvi,term
part0048,主体（Subjekt），上14，15，25，28，33，下123，126，225,下123,423,term
part0048,主体（Subjekt），上14，15，25，28，33，下123，126，225,下126,426,term
part0048,主体（Subjekt），上14，15，25，28，33，下123，126，225,下225,526,term
part0048,主体（Subjekt），上14，15，25，28，33，下123，126，225,下229,529,term
part0048,主体（Subjekt），上14，15，25，28，33，下123，126，225,下232,532,term
part0048,主体（Subjekt），上14，15，25，28，33，下123，126，225,下257,558,term
part0048,主体（Subjekt），上14，15，25，28，33，下123，126，225,下270,570,term
part0048,主观的意见和意向（主观的刚愎任性），（Eigensinn），上190，193,上190,136,term1
part0048,主观的意见和意向（主观的刚愎任性），（Eigensinn），上190，193,上193,140,interp
part0048,记忆（Mnemosyne），下218,下218,518,term
part0048,训练（Zucht），上190,上190,136,term
part0048,头盖骨相学（Schädellehre），上286,上286,231,term
part0048,礼俗伦常（Sitte），上296,上296,241,term1
part0048,宁静（Ataraxie），上109,上109,55,interp
part0048,矛盾（Widerspruch），上110,上110,56,interp
part0048,对象（Gegenstand），上33，61，77，87，113，121，123，,上33,xxxv,term
part0048,对象（Gegenstand），上33，61，77，87，113，121，123，,上61,11,term
part0048,对象（Gegenstand），上33，61，77，87，113，121，123，,上77,27,term
part0048,对象（Gegenstand），上33，61，77，87，113，121，123，,上87,37,term
part0048,对象（Gegenstand），上33，61，77，87，113，121，123，,上113,60,term
part0048,对象（Gegenstand），上33，61，77，87，113，121，123，,上121,69,term
part0048,对象（Gegenstand），上33，61，77，87，113，121，123，,上123,71,term
part0048,对象（Gegenstand），上33，61，77，87，113，121，123，,上132,80,term
part0048,对象（Gegenstand），上33，61，77，87，113，121，123，,上152,100,term
part0048,对象（Gegenstand），上33，61，77，87，113，121，123，,上153,101,term
part0048,对象（Gegenstand），上33，61，77，87，113，121，123，,上160,108,term
part0048,对象（Gegenstand），上33，61，77，87，113，121，123，,上179,126,term
part0048,对象（Gegenstand），上33，61，77，87，113，121，123，,上228,173,term
part0048,对象（Gegenstand），上33，61，77，87，113，121，123，,上232,176,term
part0048,对象（Gegenstand），上33，61，77，87，113，121，123，,上239,183,term
part0048,对象（Gegenstand），上33，61，77，87，113，121，123，,上248,192,term
part0048,对象（Gegenstand），上33，61，77，87，113，121，123，,上262,207,term
part0048,对象（Gegenstand），上33，61，77，87，113，121，123，,上279,223,term
part0048,对象（Gegenstand），上33，61，77，87，113，121，123，,下5,305,term
part0048,对象（Gegenstand），上33，61，77，87，113，121，123，,下59,358,term
part0048,对象（Gegenstand），上33，61，77，87，113，121，123，,下86,385,term
part0048,对象（Gegenstand），上33，61，77，87，113，121，123，,下110,410,term
part0048,对象（Gegenstand），上33，61，77，87，113，121，123，,下113,413,term
part0048,对象（Gegenstand），上33，61，77，87，113，121，123，,下117,416,term
part0048,对象（Gegenstand），上33，61，77，87，113，121，123，,下123,423,term
part0048,对象（Gegenstand），上33，61，77，87，113，121，123，,下183,485,term
part0048,对象（Gegenstand），上33，61，77，87，113，121，123，,下185,486,term
part0048,对象（Gegenstand），上33，61，77，87，113，121，123，,下259,558,term
part0048,对象（Gegenstand），上33，61，77，87，113，121，123，,下268,568,term
part0048,对象（Gegenstand），上33，61，77，87，113，121，123，,下273,573,term
part0048,"圣洁的世界（Heilige,das），上153",上153,101,term1
part0048,民族（Volk），上267，下5，8，200，215,上267,211,term
part0048,民族（Volk），上267，下5，8，200，215,下5,,none
part0048,民族（Volk），上267，下5，8，200，215,下8,308,term
part0048,民族（Volk），上267，下5，8，200，215,下200,501,term
part0048,民族（Volk），上267，下5，8，200，215,下215,516,term
part0048,民族精神（Volksgeist），下32，203，216,下32,331,term
part0048,民族精神（Volksgeist），下32，203，216,下203,504,term
part0048,民族精神（Volksgeist），下32，203，216,下216,516,term
part0048,民族精灵（Völkergeister），下195,下195,495,term
part0048,加工改造（Bearbeitung），上187,上187,133,term
part0048,共体（Gemeinwesen），下11，15，32，34，36，49,下11,310,term
part0048,共体（Gemeinwesen），下11，15，32，34，36，49,下15,314,term
part0048,共体（Gemeinwesen），下11，15，32，34，36，49,下32,331,term
part0048,共体（Gemeinwesen），下11，15，32，34，36，49,下34,333,term
part0048,共体（Gemeinwesen），下11，15，32，34，36，49,下36,335,term
part0048,共体（Gemeinwesen），下11，15，32，34，36，49,下49,348,term
part0048,共相（Allgemeines），上65，72,上65,14,term
part0048,共相（Allgemeines），上65，72,上72,22,term
part0048,地球（Erde），上162,上162,110,term
part0048,地上的精神（Erdgeist），上302,上302,247,term
part0048,地下世界（Unterwelt），下34，75,下34,332,term
part0048,地下世界（Unterwelt），下34，75,下75,375,term
part0048,权力（Macht），下66,下66,366,term
part0048,权威（Autorität），上91,上91,40,term
part0048,过程（Prozeß），上122，189,上122,70,term
part0048,过程（Prozeß），上122，189,上189,136,term
part0048,再生性（Reproduktion），上239,上239,184,term
part0048,异化（Entfremden），上29，310，312，下42，44，45，46，,上29,xxxi,interp
part0048,异化（Entfremden），上29，310，312，下42，44，45，46，,上310,255,term
part0048,异化（Entfremden），上29，310，312，下42，44，45，46，,上312,256,term
part0048,异化（Entfremden），上29，310，312，下42，44，45，46，,下42,341,term
part0048,异化（Entfremden），上29，310，312，下42，44，45，46，,下44,343,term
part0048,异化（Entfremden），上29，310，312，下42，44，45，46，,下45,344,term
part0048,异化（Entfremden），上29，310，312，下42，44，45，46，,下46,345,term
part0048,异化（Entfremden），上29，310，312，下42，44，45，46，,下48,347,term
part0048,异化（Entfremden），上29，310，312，下42，44，45，46，,下50,349,term
part0048,异化（Entfremden），上29，310，312，下42，44，45，46，,下52,351,term
part0048,异化（Entfremden），上29，310，312，下42，44，45，46，,下56,355,term
part0048,异化（Entfremden），上29，310，312，下42，44，45，46，,下57,356,term
part0048,异化（Entfremden），上29，310，312，下42，44，45，46，,下58,358,term
part0048,异化（Entfremden），上29，310，312，下42，44，45，46，,下60,359,term
part0048,异化（Entfremden），上29，310，312，下42，44，45，46，,下62,362,term
part0048,异化（Entfremden），上29，310，312，下42，44，45，46，,下73,373,term
part0048,异化（Entfremden），上29，310，312，下42，44，45，46，,下74,374,term
part0048,异化（Entfremden），上29，310，312，下42，44，45，46，,下75,375,term
part0048,异化（Entfremden），上29，310，312，下42，44，45，46，,下76,376,term
part0048,异化（Entfremden），上29，310，312，下42，44，45，46，,下125,425,term
part0048,异化（Entfremden），上29，310，312，下42，44，45，46，,下126,426,term
part0048,成年人（Alter），下35,下35,334,term
part0048,"有机物（Organisch,Organismus），上232，233，234",上232,176,term
part0048,"有机物（Organisch,Organismus），上232，233，234",上233,177,term
part0048,"有机物（Organisch,Organismus），上232，233，234",上234,178,term
part0048,死亡（死命，死）（Tod），上39，71，109，185，下14，15，122，,上39,xl,interp
part0048,死亡（死命，死）（Tod），上39，71，109，185，下14，15，122，,上71,21,term
part0048,死亡（死命，死）（Tod），上39，71，109，185，下14，15，122，,上109,55,interp
part0048,死亡（死命，死）（Tod），上39，71，109，185，下14，15，122，,上185,131,term
part0048,死亡（死命，死）（Tod），上39，71，109，185，下14，15，122，,下14,314,term
part0048,死亡（死命，死）（Tod），上39，71，109，185，下14，15，122，,下15,314,term
part0048,死亡（死命，死）（Tod），上39，71，109，185，下14，15，122，,下122,422,term
part0048,死亡（死命，死）（Tod），上39，71，109，185，下14，15，122，,下123,423,term
part0048,死亡（死命，死）（Tod），上39，71，109，185，下14，15，122，,下218,519,interp
part0048,有嫌疑（Verdächtigwerden），下123,下123,423,term
part0048,光明之神（Lichtwesen），下192，199，212,下192,493,term
part0048,光明之神（Lichtwesen），下192，199，212,下199,500,term
part0048,光明之神（Lichtwesen），下192，199，212,下212,512,term
part0048,因果关联（Kausalzusammenhang），上277，281,上277,222,term
part0048,因果关联（Kausalzusammenhang），上277，281,上281,226,term
part0048,肌肉系统（Muskelsystem），上240,上240,185,term
part0048,回忆（Erinnerung），下232，279,下232,533,term
part0048,回忆（Erinnerung），下232，279,下279,578,term1
part0048,任务（Aufgabe），下132,下132,433,term
part0048,仰慕之情（Sehnsucht），上204,上204,150,term
part0048,伪善（Heuchelei），下149，172,下149,450,term
part0048,伪善（Heuchelei），下149，172,下172,473,term
part0048,伦理（Sittlichkeit），上262，267，295，下6，8，19，19,上262,207,term
part0048,伦理（Sittlichkeit），上262，267，295，下6，8，19，19,上267,211,term
part0048,伦理（Sittlichkeit），上262，267，295，下6，8，19，19,上295,239,term
part0048,伦理（Sittlichkeit），上262，267，295，下6，8，19，19,下6,306,term
part0048,伦理（Sittlichkeit），上262，267，295，下6，8，19，19,下8,308,term
part0048,伦理（Sittlichkeit），上262，267，295，下6，8，19，19,下19,318,term
part0048,伦理（Sittlichkeit），上262，267，295，下6，8，19，19,下199,500,term
part0048,伦理（Sittlichkeit），上262，267，295，下6，8，19，19,下212,512,term
part0048,伦理（Sittlichkeit），上262，267，295，下6，8，19，19,下229,530,term
part0048,伦常（伦常礼俗）（Sitte），下42，上296,下42,341,term
part0048,伦常（伦常礼俗）（Sitte），下42，上296,上296,241,term
part0048,行为（Tat），上163，164，210，212，245，下24,上163,111,term
part0048,行为（Tat），上163，164，210，212，245，下24,上164,112,term
part0048,行为（Tat），上163，164，210，212，245，下24,上210,156,term
part0048,行为（Tat），上163，164，210，212，245，下24,上212,158,term
part0048,行为（Tat），上163，164，210，212，245，下24,上245,189,term
part0048,行为（Tat），上163，164，210，212，245，下24,下24,323,term
part0048,行为（Handlung），上163，210，268，下24，140，150，15,上163,111,term
part0048,行为（Handlung），上163，210，268，下24，140，150，15,上210,156,term
part0048,行为（Handlung），上163，210，268，下24，140，150，15,上268,212,term
part0048,行为（Handlung），上163，210，268，下24，140，150，15,下24,323,term
part0048,行为（Handlung），上163，210，268，下24，140，150，15,下140,440,term
part0048,行为（Handlung），上163，210，268，下24，140，150，15,下150,451,term
part0048,行为（Handlung），上163，210，268，下24，140，150，15,下153,453,term
part0048,行为（Handlung），上163，210，268，下24，140，150，15,下160,460,term
part0048,行为（Handlung），上163，210，268，下24，140，150，15,下266,566,term
part0048,名词（Woft），下245,下245,545,term
part0048,合唱（合唱队）（Chor），下222，225，228,下222,522,term
part0048,合唱（合唱队）（Chor），下222，225，228,下225,526,term
part0048,合唱（合唱队）（Chor），下222，225，228,下228,528,term
part0048,合理性（Vernunftigkeit），上59,上59,9,term
part0048,自我（Selbst），下5，20，23，42，61，69，81，114，122，,下5,,none
part0048,自我（Selbst），下5，20，23，42，61，69，81，114，122，,下20,319,term
part0048,自我（Selbst），下5，20，23，42，61，69，81，114，122，,下23,322,term
part0048,自我（Selbst），下5，20，23，42，61，69，81，114，122，,下42,341,term
part0048,自我（Selbst），下5，20，23，42，61，69，81，114，122，,下61,360,term
part0048,自我（Selbst），下5，20，23，42，61，69，81，114，122，,下69,368,term
part0048,自我（Selbst），下5，20，23，42，61，69，81，114，122，,下81,380,term
part0048,自我（Selbst），下5，20，23，42，61，69，81，114，122，,下114,414,term
part0048,自我（Selbst），下5，20，23，42，61，69，81，114，122，,下122,422,term
part0048,自我（Selbst），下5，20，23，42，61，69，81，114，122，,下148,449,term
part0048,自我（Selbst），下5，20，23，42，61，69，81，114，122，,下151,451,term
part0048,自我（Selbst），下5，20，23，42，61，69，81，114，122，,下161,463,term
part0048,自我（Selbst），下5，20，23，42，61，69，81，114，122，,下167,467,term
part0048,自我（Selbst），下5，20，23，42，61，69，81，114，122，,下177,478,term
part0048,自我（Selbst），下5，20，23，42，61，69，81，114，122，,下179,480,term
part0048,自我（Selbst），下5，20，23，42，61，69，81，114，122，,下208,508,term
part0048,自我（Selbst），下5，20，23，42，61，69，81，114，122，,下225,526,term
part0048,自我（Selbst），下5，20，23，42，61，69，81，114，122，,下227,528,term
part0048,自我（Selbst），下5，20，23，42，61，69，81，114，122，,下233,533,term
part0048,自我（Selbst），下5，20，23，42，61，69，81，114，122，,下238,538,term
part0048,自我（Selbst），下5，20，23，42，61，69，81，114，122，,下242,542,term
part0048,自我（Selbst），下5，20，23，42，61，69，81，114，122，,下245,545,term
part0048,自我（Selbst），下5，20，23，42，61，69，81，114，122，,下247,547,term
part0048,自我（Selbst），下5，20，23，42，61，69，81，114，122，,下263,564,term
part0048,自我感觉（自我情绪）（Selbstgefühl），上235，205,上235,180,term
part0048,自我感觉（自我情绪）（Selbstgefühl），上235，205,上205,152,interp
part0048,自由（Freiheit），上136，139，143，167，190，198，下1,上136,84,term
part0048,自由（Freiheit），上136，139，143，167，190，198，下1,上139,87,term
part0048,自由（Freiheit），上136，139，143，167，190，198，下1,上143,91,term
part0048,自由（Freiheit），上136，139，143，167，190，198，下1,上167,115,term
part0048,自由（Freiheit），上136，139，143，167，190，198，下1,上190,136,term
part0048,自由（Freiheit），上136，139，143，167，190，198，下1,上198,144,term
part0048,自由（Freiheit），上136，139，143，167，190，198，下1,下117,417,term
part0048,自由（Freiheit），上136，139，143，167，190，198，下1,下125,425,term
part0048,自私自利（Eigennützig），下57,下57,356,interp
part0048,自负（Eigendünkel），上312,上312,257,term
part0048,自然（自然界）（Natur）上15，下46，112，129，130，131，19,上15,xvii,interp
part0048,自然（自然界）（Natur）上15，下46，112，129，130，131，19,下46,345,term
part0048,自然（自然界）（Natur）上15，下46，112，129，130，131，19,下112,412,term
part0048,自然（自然界）（Natur）上15，下46，112，129，130，131，19,下129,429,term
part0048,自然（自然界）（Natur）上15，下46，112，129，130，131，19,下130,430,term
part0048,自然（自然界）（Natur）上15，下46，112，129，130，131，19,下131,431,term
part0048,自然（自然界）（Natur）上15，下46，112，129，130，131，19,下193,494,term
part0048,自然（自然界）（Natur）上15，下46，112，129，130，131，19,下213,513,term
part0048,自然（自然界）（Natur）上15，下46，112，129，130，131，19,下278,577,term
part0048,反映（Reflexion），上9，23,上9,,none
part0048,反映（Reflexion），上9，23,上23,xxv,interp
part0048,反思（Reflexion），上85,上85,35,term
part0048,设定（Postulat），下128,下128,428,term
part0048,冲动（Neigung），下131，142，158,下131,431,term
part0048,冲动（Neigung），下131，142，158,下142,443,term
part0048,冲动（Neigung），下131，142，158,下158,459,term
part0048,冲突（Kollision），下25,下25,324,term
part0048,动物（Tier），上197，209，下194，210,上197,143,term
part0048,动物（Tier），上197，209，下194，210,上209,155,term
part0048,动物（Tier），上197，209，下194，210,下194,495,term
part0048,动物（Tier），上197，209，下194，210,下210,510,term
part0048,动机（Absicht），上163,上163,111,term
part0048,兴趣（Interesse），上260，262，263,上260,204,term
part0048,兴趣（Interesse），上260，262，263,上262,207,term
part0048,兴趣（Interesse），上260，262，263,上263,207,term
part0048,兴奋之情（Begeisterung），上68,上68,18,term1
part0048,"好（Gute,das），上267",上267,212,interp
part0048,阴间（Unterwelt），下183,下183,484,term
part0048,"坏（Schlechte,das），上275",上275,220,interp
part0048,劳动（Arbeit），上100，105，188，189，206，下50，195，,上100,49,term
part0048,劳动（Arbeit），上100，105，188，189，206，下50，195，,上105,52,interp
part0048,劳动（Arbeit），上100，105，188，189，206，下50，195，,上188,135,term
part0048,劳动（Arbeit），上100，105，188，189，206，下50，195，,上189,136,term
part0048,劳动（Arbeit），上100，105，188，189，206，下50，195，,上206,152,term
part0048,劳动（Arbeit），上100，105，188，189，206，下50，195，,下50,350,term
part0048,劳动（Arbeit），上100，105，188，189，206，下50，195，,下195,496,term
part0048,劳动（Arbeit），上100，105，188，189，206，下50，195，,下196,497,term
part0048,劳动（Arbeit），上100，105，188，189，206，下50，195，,下208,509,term
part0048,形式（Form），上36，200，下193，198,上36,xxxviii,interp
part0048,形式（Form），上36，200，下193，198,上200,147,term
part0048,形式（Form），上36，200，下193，198,下193,494,term
part0048,形式（Form），上36，200，下193，198,下198,498,term
part0048,形式主义（Formalismus），上60,上60,10,term
part0048,形式推理（Räsonnieren），上91,上91,40,term
part0048,形而上学（Metaphysik），下113，115,下113,413,term
part0048,形而上学（Metaphysik），下113，115,下115,415,term
part0048,形成（Bildung），上21，58,上21,xxiii,interp
part0048,形成（Bildung），上21，58,上58,8,term
part0048,形态（Gestalt），上113，114，180,上113,59,interp
part0048,形态（Gestalt），上113，114，180,上114,60,interp
part0048,形态（Gestalt），上113，114，180,上180,126,term
part0048,否定性（Negativität），上30，33，131，262，下76，184,上30,xxxii,interp
part0048,否定性（Negativität），上30，33，131，262，下76，184,上33,xxxv,interp
part0048,否定性（Negativität），上30，33，131，262，下76，184,上131,79,term
part0048,否定性（Negativität），上30，33，131，262，下76，184,上262,206,term
part0048,否定性（Negativität），上30，33，131，262，下76，184,下76,376,term
part0048,否定性（Negativität），上30，33，131，262，下76，184,下184,485,interp
part0048,时间（Zeit），上24，101，117，下186，271，273,上24,xxv,term
part0048,时间（Zeit），上24，101，117，下186，271，273,上101,50,term
part0048,时间（Zeit），上24，101，117，下186，271，273,上117,65,term
part0048,时间（Zeit），上24，101，117，下186，271，273,下186,487,term
part0048,时间（Zeit），上24，101，117，下186，271，273,下271,571,term
part0048,时间（Zeit），上24，101，117，下186，271，273,下273,573,term
part0048,财富（Reichtum），下13，48，63，176,下13,312,term
part0048,财富（Reichtum），下13，48，63，176,下48,347,term
part0048,财富（Reichtum），下13，48，63，176,下63,362,term
part0048,财富（Reichtum），下13，48，63，176,下176,477,term
part0048,财产公有制（Gütergemeinschaft），上349,上349,293,term
part0048,狂诞情绪（Schwärmerei），下237,下237,537,term1
part0048,狂热（Ekstase），上100,上100,50,term
part0048,私有财产（Eigentum），上349,上349,294,term
part0048,身体（Leib），上233,上233,178,term
part0048,虚无（Nichts），下50,下50,350,term
part0048,纯洁性（Reinheit），下173,下173,474,term
part0048,知觉（Wahrnehmen），上127，175，235，下147，193,上127,76,term
part0048,知觉（Wahrnehmen），上127，175，235，下147，193,上175,121,term
part0048,知觉（Wahrnehmen），上127，175，235，下147，193,上235,179,term
part0048,知觉（Wahrnehmen），上127，175，235，下147，193,下147,448,term
part0048,知觉（Wahrnehmen），上127，175，235，下147，193,下193,494,term
part0048,体系（System），上4，17,上4,,none
part0048,体系（System），上4，17,上17,xix,interp
part0048,谷神（谷物之神）（Ceres），上126，下210，214,上126,74,term1
part0048,谷神（谷物之神）（Ceres），上126，下210，214,下210,511,interp
part0048,谷神（谷物之神）（Ceres），上126，下210，214,下214,515,term1
part0048,忘记之川（Lethe），下227,下227,527,term1
part0048,启示（Offenbarung），下213，239,下213,514,term
part0048,启示（Offenbarung），下213，239,下239,539,term
part0048,启发（启示）（Erbanung），上22，23,上22,xxiv,interp
part0048,启发（启示）（Erbanung），上22，23,上23,xxv,interp
part0048,启蒙（Aufklärung），下45，82，184,下45,344,term
part0048,启蒙（Aufklärung），下45，82，184,下82,382,term
part0048,启蒙（Aufklärung），下45，82，184,下184,484,term
part0048,应该（Sollen），上166，281，下130,上166,114,term
part0048,应该（Sollen），上166，281，下130,上281,225,term
part0048,应该（Sollen），上166，281，下130,下130,431,term
part0048,评价（Verdienst），下135,下135,436,term
part0048,识见（Einsicht），下44，74，80,下44,343,term1
part0048,识见（Einsicht），下44，74，80,下74,374,term
part0048,识见（Einsicht），下44，74，80,下80,380,term
part0048,社团（Gemeinde），下80，91，167，241，252，274,下80,380,term
part0048,社团（Gemeinde），下80，91，167，241，252，274,下91,391,term
part0048,社团（Gemeinde），下80，91，167，241，252，274,下167,468,term
part0048,社团（Gemeinde），下80，91，167，241，252，274,下241,541,term
part0048,社团（Gemeinde），下80，91，167，241，252，274,下252,553,term
part0048,社团（Gemeinde），下80，91，167，241，252，274,下274,573,term
part0048,社会阶层（Stand），下57,下57,357,term
part0048,良心（Gewissen），下149，150，151，152，185，266,下149,450,term
part0048,良心（Gewissen），下149，150，151，152，185，266,下150,451,term
part0048,良心（Gewissen），下149，150，151，152，185，266,下151,452,term
part0048,良心（Gewissen），下149，150，151，152，185，266,下152,452,term
part0048,良心（Gewissen），下149，150，151，152，185，266,下185,486,interp
part0048,良心（Gewissen），下149，150，151，152，185，266,下266,567,interp
part0048,判断（Urteil），上53，下51，68，172,上53,3,term
part0048,判断（Urteil），上53，下51，68，172,下51,350,term
part0048,判断（Urteil），上53，下51，68，172,下68,368,term
part0048,判断（Urteil），上53，下51，68，172,下172,473,term
part0048,怀疑（Zweifel），上107,上107,54,interp
part0048,怀疑主义（Skeptizismus），上107，125，下39，84,上107,54,interp
part0048,怀疑主义（Skeptizismus），上107，125，下39，84,上125,73,term
part0048,怀疑主义（Skeptizismus），上107，125，下39，84,下39,338,term
part0048,怀疑主义（Skeptizismus），上107，125，下39，84,下84,384,term
part0048,快乐（Lust），上301，303，304，306，下22,上301,246,term
part0048,快乐（Lust），上301，303，304，306，下22,上303,247,term
part0048,快乐（Lust），上301，303，304，306，下22,上304,248,term
part0048,快乐（Lust），上301，303，304，306，下22,上306,250,term
part0048,快乐（Lust），上301，303，304，306，下22,下22,321,term
part0048,快乐（Glück），上301,上301,246,term
part0048,君主（Monarch），下61,下61,361,term
part0048,灵感（Begeisterung），上83,上83,33,term
part0048,灵魂（Seele），上167,上167,115,term
part0048,阿谀（Schmeichelei），下67,下67,367,term
part0048,幸福（Seligkeit），下208,下208,509,term
part0048,幸福（Glückseligkeit），下129，134，140，144,下129,429,term
part0048,幸福（Glückseligkeit），下129，134，140，144,下134,435,term
part0048,幸福（Glückseligkeit），下129，134，140，144,下140,441,term
part0048,幸福（Glückseligkeit），下129，134，140，144,下144,445,term
part0048,幸运（Glück），上223，298，299,上223,167,term
part0048,幸运（Glück），上223，298，299,上298,243,term
part0048,幸运（Glück），上223，298，299,上299,243,term
part0048,直观（Anschauen），上11，63，下272,上11,xiii,interp
part0048,直观（Anschauen），上11，63，下272,上63,12,term
part0048,直观（Anschauen），上11，63，下272,下272,572,term
part0048,直接性（Unmittelbarkeit），上40，53，下36，162，238，,上40,xli,interp
part0048,直接性（Unmittelbarkeit），上40，53，下36，162，238，,上53,2,interp
part0048,直接性（Unmittelbarkeit），上40，53，下36，162，238，,下36,335,term
part0048,直接性（Unmittelbarkeit），上40，53，下36，162，238，,下162,463,term
part0048,直接性（Unmittelbarkeit），上40，53，下36，162，238，,下238,539,term
part0048,直接性（Unmittelbarkeit），上40，53，下36，162，238，,下256,556,term
part0048,构造（Konstruktion），上84,上84,34,term
part0048,松懈（Leichtsinn），下200,下200,501,term
part0048,势力（Macht），上258，下23,上258,202,term
part0048,势力（Macht），上258，下23,下23,322,term
part0048,表现（Ausdruck），上183,上183,129,term
part0048,表象（Vorstellung），上28,上28,xxx,interp
part0048,或然性（Wahrscheinlichkeit），上229,上229,174,term
part0048,抽象（Abstraktion），上85,上85,34,term
part0048,英雄（Held），下218,下218,518,term
part0048,苦恼的意识（Unglückliches Bewußtsein），上198,上198,145,term
part0048,事业（Werk），上273，276，296，297,上273,217,term
part0048,事业（Werk），上273，276，296，297,上276,220,term
part0048,事业（Werk），上273，276，296，297,上296,241,term
part0048,事业（Werk），上273，276，296，297,上297,241,term
part0048,"事物（Ding,Dingheit），上74，77，79，161，173，175，",上74,24,term
part0048,"事物（Ding,Dingheit），上74，77，79，161，173，175，",上77,27,term
part0048,"事物（Ding,Dingheit），上74，77，79，161，173，175，",上79,29,term
part0048,"事物（Ding,Dingheit），上74，77，79，161，173，175，",上161,108,term
part0048,"事物（Ding,Dingheit），上74，77，79，161，173，175，",上173,119,term
part0048,"事物（Ding,Dingheit），上74，77，79，161，173，175，",上175,121,term
part0048,"事物（Ding,Dingheit），上74，77，79，161，173，175，",上228,173,term
part0048,"事物（Ding,Dingheit），上74，77，79，161，173，175，",上232,177,term
part0048,"事物（Ding,Dingheit），上74，77，79，161，173，175，",上241,185,term
part0048,"事物（Ding,Dingheit），上74，77，79，161，173，175，",上269,213,term
part0048,"事物（Ding,Dingheit），上74，77，79，161，173，175，",下96,395,term
part0048,"事物（Ding,Dingheit），上74，77，79，161，173，175，",下106,406,term
part0048,"事物（Ding,Dingheit），上74，77，79，161，173，175，",下147,448,term
part0048,"事物（Ding,Dingheit），上74，77，79，161，173，175，",下169,470,term
part0048,"事物（Ding,Dingheit），上74，77，79，161，173，175，",下247,547,term
part0048,"事物（Ding,Dingheit），上74，77，79，161，173，175，",下263,564,term
part0048,事情（Sache），上272，下20，156,上272,216,term
part0048,事情（Sache），上272，下20，156,下20,319,interp
part0048,事情（Sache），上272，下20，156,下156,457,term
part0048,规律（Gesetz），上165，167，168，228，233，237，244，,上165,113,term
part0048,规律（Gesetz），上165，167，168，228，233，237，244，,上167,115,term
part0048,规律（Gesetz），上165，167，168，228，233，237，244，,上168,116,term
part0048,规律（Gesetz），上165，167，168，228，233，237，244，,上228,172,term
part0048,规律（Gesetz），上165，167，168，228，233，237，244，,上233,177,term
part0048,规律（Gesetz），上165，167，168，228，233，237，244，,上237,182,term
part0048,规律（Gesetz），上165，167，168，228，233，237，244，,上244,188,term
part0048,规律（Gesetz），上165，167，168，228，233，237，244，,上275,219,term
part0048,规律（Gesetz），上165，167，168，228，233，237，244，,下164,466,term
part0048,建议（Rat），下56,下56,355,term
part0048,国家（Staat），下212，225,下212,512,term
part0048,国家（Staat），下212，225,下225,526,term
part0048,国家权力（Staatmacht），下12，48，60，223,下12,311,term
part0048,国家权力（Staatmacht），下12，48，60，223,下48,347,term
part0048,国家权力（Staatmacht），下12，48，60，223,下60,360,term
part0048,国家权力（Staatmacht），下12，48，60，223,下223,524,term
part0048,图式（Schema），上220,上220,164,term
part0048,服务（Dienst），上188，下56，58，61，62,上188,135,term
part0048,服务（Dienst），上188，下56，58，61，62,下56,355,term
part0048,服务（Dienst），上188，下56，58，61，62,下58,357,term
part0048,服务（Dienst），上188，下56，58，61，62,下61,360,term
part0048,服务（Dienst），上188，下56，58，61，62,下62,362,term
part0048,卑鄙的（Niederträchtig），下71，175,下71,371,term
part0048,卑鄙的（Niederträchtig），下71，175,下175,476,term
part0048,质（Qualität），上38，181，186,上38,xxxix,interp
part0048,质（Qualität），上38，181，186,上181,128,interp
part0048,质（Qualität），上38，181，186,上186,133,interp
part0048,质料（Materie），上136,上136,84,term
part0048,和解（Versöhnung），下177，227，252，253，260,下177,478,term
part0048,和解（Versöhnung），下177，227，252，253，260,下227,527,term
part0048,和解（Versöhnung），下177，227，252，253，260,下252,552,term
part0048,和解（Versöhnung），下177，227，252，253，260,下253,554,term
part0048,和解（Versöhnung），下177，227，252，253，260,下260,560,term
part0048,和谐（Harmonie），上281，下128，130，137,上281,226,term
part0048,和谐（Harmonie），上281，下128，130，137,下128,428,term
part0048,和谐（Harmonie），上281，下128，130，137,下130,430,term
part0048,和谐（Harmonie），上281，下128，130，137,下137,438,term
part0048,知性（Verstand），上29，34，84，87，175，下183,上29,xxxi,interp
part0048,知性（Verstand），上29，34，84，87，175，下183,上34,xxxvi,term
part0048,知性（Verstand），上29，34，84，87，175，下183,上84,34,term
part0048,知性（Verstand），上29，34，84，87，175，下183,上87,36,term
part0048,知性（Verstand），上29，34，84，87，175，下183,上175,121,term
part0048,知性（Verstand），上29，34，84，87，175，下183,下183,484,term
part0048,知识（Wissen），上17，57，下261,上17,xix,interp
part0048,知识（Wissen），上17，57，下261,上57,7,term
part0048,知识（Wissen），上17，57，下261,下261,560,term
part0048,物质（Materie），上87，91，139，下111,上87,37,term
part0048,物质（Materie），上87，91，139，下111,上91,40,term
part0048,物质（Materie），上87，91，139，下111,上139,87,term
part0048,物质（Materie），上87，91，139，下111,下111,411,term
part0048,命运（Schicksal），上270，下24，49，184，222，224，27,上270,214,term
part0048,命运（Schicksal），上270，下24，49，184，222，224，27,下24,323,term
part0048,命运（Schicksal），上270，下24，49，184，222，224，27,下49,348,term
part0048,命运（Schicksal），上270，下24，49，184，222，224，27,下184,485,term
part0048,命运（Schicksal），上270，下24，49，184，222，224，27,下222,523,term
part0048,命运（Schicksal），上270，下24，49，184，222，224，27,下224,525,term
part0048,命运（Schicksal），上270，下24，49，184，222，224，27,下273,572,term
part0048,命题（Satz），上64,上64,14,term
part0048,追念（Erinnerung），下218,下218,518,term1
part0048,所有权（Eigentum），下39,下39,338,term
part0048,变成肉身（Mensch werdung），下232，239,下232,532,term
part0048,变成肉身（Mensch werdung），下232，239,下239,539,term
part0048,享受（Genuß），上187，205，206，211，212，下50，129，1,上187,133,term
part0048,享受（Genuß），上187，205，206，211，212，下50，129，1,上205,151,term
part0048,享受（Genuß），上187，205，206，211，212，下50，129，1,上206,152,term
part0048,享受（Genuß），上187，205，206，211，212，下50，129，1,上211,158,term
part0048,享受（Genuß），上187，205，206，211，212，下50，129，1,上212,158,term
part0048,享受（Genuß），上187，205，206，211，212，下50，129，1,下50,350,term
part0048,享受（Genuß），上187，205，206，211，212，下50，129，1,下129,430,term
part0048,享受（Genuß），上187，205，206，211，212，下50，129，1,下140,441,term
part0048,享受（Genuß），上187，205，206，211，212，下50，129，1,下161,462,term
part0048,性格（Charakter），下31，46，127，207,下31,330,term
part0048,性格（Charakter），下31，46，127，207,下46,345,term
part0048,性格（Charakter），下31，46，127，207,下127,428,term
part0048,性格（Charakter），下31，46，127，207,下207,508,term
part0048,实在（Realität），上263，273,上263,208,term
part0048,实在（Realität），上263，273,上273,217,term
part0048,实验（Versuch），上229,上229,174,term
part0048,实体（Substanz），上14，23，191，237，250，265，下6，3,上14,xvi,interp
part0048,实体（Substanz），上14，23，191，237，250，265，下6，3,上23,xxv,interp
part0048,实体（Substanz），上14，23，191，237，250，265，下6，3,上191,137,term
part0048,实体（Substanz），上14，23，191，237，250，265，下6，3,上237,182,term
part0048,实体（Substanz），上14，23，191，237，250，265，下6，3,上250,195,term
part0048,实体（Substanz），上14，23，191，237，250，265，下6，3,上265,209,term
part0048,实体（Substanz），上14，23，191，237，250，265，下6，3,下6,306,term
part0048,实体（Substanz），上14，23，191，237，250，265，下6，3,下38,337,term
part0048,实体（Substanz），上14，23，191，237，250，265，下6，3,下67,367,term
part0048,实体（Substanz），上14，23，191，237，250，265，下6，3,下117,417,term
part0048,实体（Substanz），上14，23，191，237，250，265，下6，3,下121,421,term
part0048,实体（Substanz），上14，23，191，237，250，265，下6，3,下124,424,term
part0048,实体（Substanz），上14，23，191，237，250，265，下6，3,下159,460,term
part0048,实体（Substanz），上14，23，191，237，250，265，下6，3,下199,500,term
part0048,实体（Substanz），上14，23，191，237，250，265，下6，3,下220,521,term
part0048,实体（Substanz），上14，23，191，237，250，265，下6，3,下228,528,term
part0048,实体（Substanz），上14，23，191，237，250，265，下6，3,下232,532,term
part0048,实体（Substanz），上14，23，191，237，250，265，下6，3,下258,558,term
part0048,实体（Substanz），上14，23，191，237，250，265，下6，3,下270,570,term
part0048,实践（Praktisch），上273,上273,217,term
part0048,宗教（Religion），下45，75，96，167，183，234，263，2,下45,344,term
part0048,宗教（Religion），下45，75，96，167，183，234，263，2,下75,375,term
part0048,宗教（Religion），下45，75，96，167，183，234，263，2,下96,395,term
part0048,宗教（Religion），下45，75，96，167，183，234，263，2,下167,468,term
part0048,宗教（Religion），下45，75，96，167，183，234，263，2,下183,484,term
part0048,宗教（Religion），下45，75，96，167，183，234，263，2,下234,534,term
part0048,宗教（Religion），下45，75，96，167，183，234，263，2,下263,564,interp
part0048,宗教（Religion），下45，75，96，167，183，234，263，2,下268,568,term
part0048,宗教读本（Katechismus），上99,上99,48,term1
part0048,空间（Raum），上34，109，117,上34,xxxvi,interp
part0048,空间（Raum），上34，109，117,上109,55,interp
part0048,空间（Raum），上34，109，117,上117,65,term
part0048,宙斯（Zeus），下224，227,下224,525,term1
part0048,宙斯（Zeus），下224，227,下227,527,term
part0048,诚实的意识（EhrlichesBewußtsein），上337，338,上337,281,term
part0048,诚实的意识（EhrlichesBewußtsein），上337，338,上338,281,term
part0048,诡辩（Sophisterei），上139,上139,88,term
part0048,诡计（List），上88，104,上88,38,term
part0048,诡计（List），上88，104,上104,,none
part0048,诡计（Intrige），下35,下35,334,term
part0048,法则（Ordnung），上165，301，307,上165,113,term
part0048,法则（Ordnung），上165，301，307,上301,246,term
part0048,法则（Ordnung），上165，301，307,上307,251,interp
part0048,法则（Gesetz），上154，156,上154,102,interp
part0048,法则（Gesetz），上154，156,上156,104,term
part0048,法权（法权状态）（Recht/Rechtszustand），下17，33，65，,下17,316,term
part0048,法权（法权状态）（Recht/Rechtszustand），下17，33，65，,下33,332,term
part0048,法权（法权状态）（Recht/Rechtszustand），下17，33，65，,下65,365,term
part0048,法权（法权状态）（Recht/Rechtszustand），下17，33，65，,下233,533,term
part0048,姓名（Name），下62，63,下62,361,term
part0048,姓名（Name），下62，63,下63,363,term
part0048,承认（Anerkennen），上126，143，181，183，184,上126,75,term
part0048,承认（Anerkennen），上126，143，181，183，184,上143,91,term
part0048,承认（Anerkennen），上126，143，181，183，184,上181,127,term
part0048,承认（Anerkennen），上126，143，181，183，184,上183,130,term
part0048,承认（Anerkennen），上126，143，181，183，184,上184,130,term
part0048,荣誉（Ehre），下57,下57,356,term
part0048,范畴（Kategorie），上218，219，220，292，293,上218,162,term
part0048,范畴（Kategorie），上218，219，220，292，293,上219,163,term
part0048,范畴（Kategorie），上218，219，220，292，293,上220,164,term
part0048,范畴（Kategorie），上218，219，220，292，293,上292,237,term
part0048,范畴（Kategorie），上218，219，220，292，293,上293,237,term
part0048,封臣（Vasall），下57,下57,356,term1
part0048,政府（Regierung），下11，17，23，225,下11,311,term
part0048,政府（Regierung），下11，17，23，225,下17,316,term
part0048,政府（Regierung），下11，17，23，225,下23,322,term
part0048,政府（Regierung），下11，17，23，225,下225,526,term
part0048,革命政府（die revolutionäre Regierung），下126,下126,426,term1
part0048,标准（Kriterium），上132,上132,80,term
part0048,指出（Aufzeigen），上60，65,上60,9,interp
part0048,指出（Aufzeigen），上60，65,上65,15,term
part0048,轶事（Anekdote），下71,下71,371,term
part0048,面相学（Physiognomik），上266，下59,上266,210,term
part0048,面相学（Physiognomik），上266，下59,下59,358,term1
part0048,战争（Krieg），下17，36,下17,316,term
part0048,战争（Krieg），下17，36,下36,335,term
part0048,思维（Denken），上98，161，下110，111，112，238,上98,47,term
part0048,思维（Denken），上98，161，下110，111，112，238,上161,109,term
part0048,思维（Denken），上98，161，下110，111，112，238,下110,410,term
part0048,思维（Denken），上98，161，下110，111，112，238,下111,411,term
part0048,思维（Denken），上98，161，下110，111，112，238,下112,412,term
part0048,思维（Denken），上98，161，下110，111，112，238,下238,538,term
part0048,思辨（Spekulativ），上32，46，262,上32,xxxiv,interp
part0048,思辨（Spekulativ），上32，46，262,上46,xlvii,interp
part0048,思辨（Spekulativ），上32，46，262,上262,206,term
part0048,复仇女神（Erinnye），下225,下225,526,term
part0048,复仇（Eumenide），下184,下184,485,interp
part0048,种（Art），上164，194,上164,112,interp
part0048,种（Art），上164，194,上194,141,interp
part0048,科学（Wissenschaft），上4，8，13，26，30，51，下270，2,上4,,none
part0048,科学（Wissenschaft），上4，8，13，26，30，51，下270，2,上8,,none
part0048,科学（Wissenschaft），上4，8，13，26，30，51，下270，2,上13,xv,interp
part0048,科学（Wissenschaft），上4，8，13，26，30，51，下270，2,上26,xxviii,term
part0048,科学（Wissenschaft），上4，8，13，26，30，51，下270，2,上30,xxxii,term
part0048,科学（Wissenschaft），上4，8，13，26，30，51，下270，2,上51,1,term
part0048,科学（Wissenschaft），上4，8，13，26，30，51，下270，2,下270,570,term
part0048,科学（Wissenschaft），上4，8，13，26，30，51，下270，2,下271,571,term
part0048,重力（Schwere），上93,上93,42,term
part0048,重量（Schwere），上130,上130,78,term
part0048,信任（Vertrauen），下91,下91,390,term
part0048,信赖（Vertrauen），下200,下200,501,term
part0048,信仰（Glauben），上318，下44，74，238,上318,262,term
part0048,信仰（Glauben），上318，下44，74，238,下44,343,term
part0048,信仰（Glauben），上318，下44，74，238,下74,374,term
part0048,信仰（Glauben），上318，下44，74，238,下238,538,term
part0048,信念（Überzeugung），下155，158，162,下155,456,term
part0048,信念（Überzeugung），下155，158，162,下158,459,term
part0048,信念（Überzeugung），下155，158，162,下162,463,term
part0048,独断主义（Dogmatismus），上88,上88,38,term
part0048,疯狂（Verrücktheit），上312，下177,上312,256,term
part0048,疯狂（Verrücktheit），上312，下177,下177,478,term
part0048,疯狂（Wahrsinn），上314,上314,258,term
part0048,"神圣（Heilige,das），下145",下145,446,term
part0048,神秘（Mysterium），上47，下213，229,上47,xlviii,interp
part0048,神秘（Mysterium），上47，下213，229,下213,514,term
part0048,神秘（Mysterium），上47，下213，229,下229,530,term
part0048,神谕（Orakel），下206，224，234,下206,506,term
part0048,神谕（Orakel），下206，224，234,下224,525,term
part0048,神谕（Orakel），下206，224，234,下234,535,term
part0048,神灵世界（Götterwelt），下225,下225,526,term1
part0048,神经系统（Nervensystem），上240，241,上240,185,term
part0048,神经系统（Nervensystem），上240，241,上241,186,term
part0048,哀伦妮（Erinnye），下23,下23,322,term1
part0048,类（类属）（Gattung），上109，179，219，274,上109,55,interp
part0048,类（类属）（Gattung），上109，179，219，274,上179,126,interp
part0048,类（类属）（Gattung），上109，179，219，274,上219,163,interp
part0048,类（类属）（Gattung），上109，179，219，274,上274,219,interp
part0048,类比法（Analogie），上229,上229,174,term
part0048,前进（Fortschritt），下136，142,下136,437,term
part0048,前进（Fortschritt），下136，142,下142,442,term
part0048,洞见（Einsicht），上55,上55,5,term
part0048,派（Partei），下110,下110,410,interp
part0048,派别（Faktion），下123,下123,423,term
part0048,语言（Sprache），上211，下57，61，66，69，83，164，197,上211,157,term
part0048,语言（Sprache），上211，下57，61，66，69，83，164，197,下57,357,term
part0048,语言（Sprache），上211，下57，61，66，69，83，164，197,下61,360,term
part0048,语言（Sprache），上211，下57，61，66，69，83，164，197,下66,366,term
part0048,语言（Sprache），上211，下57，61，66，69，83，164，197,下69,369,term
part0048,语言（Sprache），上211，下57，61，66，69，83，164，197,下83,383,term
part0048,语言（Sprache），上211，下57，61，66，69，83，164，197,下164,465,term
part0048,语言（Sprache），上211，下57，61，66，69，83，164，197,下197,498,term
part0048,语言（Sprache），上211，下57，61，66，69，83，164，197,下205,506,term
part0048,语言（Sprache），上211，下57，61，66，69，83，164，197,下215,516,term
part0048,说明（Erklären），上94,上94,43,term
part0048,诫命（Gebot），上345，347，下22,上345,289,term
part0048,诫命（Gebot），上345，347，下22,上347,291,term
part0048,诫命（Gebot），上345，347，下22,下22,321,term
part0048,观念（Vorstellung），下191，244,下191,492,term
part0048,观念（Vorstellung），下191，244,下244,544,term
part0048,"绝对（Absolute,das），上9，下74，90，95，101，107，11",上9,,none
part0048,"绝对（Absolute,das），上9，下74，90，95，101，107，11",下74,374,term
part0048,"绝对（Absolute,das），上9，下74，90，95，101，107，11",下90,390,term
part0048,"绝对（Absolute,das），上9，下74，90，95，101，107，11",下95,395,term
part0048,"绝对（Absolute,das），上9，下74，90，95，101，107，11",下101,401,term
part0048,"绝对（Absolute,das），上9，下74，90，95，101，107，11",下107,407,term
part0048,"绝对（Absolute,das），上9，下74，90，95，101，107，11",下115,415,term
part0048,"绝对（Absolute,das），上9，下74，90，95，101，107，11",下125,425,term
part0048,"绝对（Absolute,das），上9，下74，90，95，101，107，11",下176,477,term
part0048,"绝对（Absolute,das），上9，下74，90，95，101，107，11",下228,529,term
part0048,"绝对（Absolute,das），上9，下74，90，95，101，107，11",下242,542,term
part0048,"绝对的精神（Geist,das absolute），下179",下179,480,term1
part0048,统觉（Apperzeption），上221,上221,165,term1
part0048,"真理（Wahre,das），上22",上22,xxiv,interp
part0048,真理（真理性）（Wahrheit），上10，34，47，51，57，77，164,上10,,none
part0048,真理（真理性）（Wahrheit），上10，34，47，51，57，77，164,上34,xxxvi,interp
part0048,真理（真理性）（Wahrheit），上10，34，47，51，57，77，164,上47,xlviii,interp
part0048,真理（真理性）（Wahrheit），上10，34，47，51，57，77，164,上51,lii,term
part0048,真理（真理性）（Wahrheit），上10，34，47，51，57，77，164,上57,7,term
part0048,真理（真理性）（Wahrheit），上10，34，47，51，57，77，164,上77,27,term
part0048,真理（真理性）（Wahrheit），上10，34，47，51，57，77，164,上164,112,term
part0048,真理（真理性）（Wahrheit），上10，34，47，51，57，77，164,上193,140,term
part0048,真理（真理性）（Wahrheit），上10，34，47，51，57，77，164,上275,219,term
part0048,真理（真理性）（Wahrheit），上10，34，47，51，57，77，164,下212,513,term
part0048,真理（真理性）（Wahrheit），上10，34，47，51，57，77，164,下263,565,term
part0048,真理（真理性）（Wahrheit），上10，34，47，51，57，77，164,下266,567,interp
part0048,真理（真理性）（Wahrheit），上10，34，47，51，57，77，164,下273,573,term
part0048,真理（真理性）（Wahrheit），上10，34，47，51，57，77，164,下5,305,term
part0048,真理（真理性）（Wahrheit），上10，34，47，51，57，77，164,下280,579,term
part0048,"恶（Schlechte,das），下48，75，158",下48,347,interp
part0048,"恶（Schlechte,das），下48，75，158",下75,375,interp
part0048,"恶（Schlechte,das），下48，75，158",下158,459,interp
part0048,"恶（Böse,das），下173，175，249，250",下173,474,interp
part0048,"恶（Böse,das），下173，175，249，250",下175,476,interp
part0048,"恶（Böse,das），下173，175，249，250",下249,549,interp
part0048,"恶（Böse,das），下173，175，249，250",下250,550,interp
part0048,恐惧（Furcht），上109,上109,55,interp
part0048,恐惧（Angst），上188,上188,135,term
part0048,恐怖（Schrecken），下120,下120,420,term
part0048,样子（Espèce），下46，75,下46,346,term
part0048,样子（Espèce），下46，75,下75,375,term
part0048,样子（Art），下46,下46,346,term
part0048,原则（Grundsatz），上11,上11,xiii,interp
part0048,原素（Element），上232，233,上232,177,term
part0048,原素（Element），上232，233,上233,177,term
part0048,恩赐（Gnade），下135，144,下135,436,term
part0048,恩赐（Gnade），下135，144,下144,445,term
part0048,特质（Eigenschaft），上129，130,上129,77,term
part0048,特质（Eigenschaft），上129，130,上130,78,term
part0048,特征（Merkmal），上201,上201,147,term
part0048,牺牲（Aufopferung），上177，211，216,上177,123,term
part0048,牺牲（Aufopferung），上177，211，216,上211,157,term
part0048,牺牲（Aufopferung），上177，211，216,上216,160,term
part0048,牺牲物品（Opfer），下210,下210,511,term1
part0048,秘传的（Esoterisch），上48,上48,xlix,interp
part0048,脊髓（Rückenmark），上279,上279,223,term
part0048,颂神诗（Hymne），下234,下234,535,term1
part0048,爱（Liebe），上274，263，346,上274,219,interp
part0048,爱（Liebe），上274，263，346,上263,208,interp
part0048,爱（Liebe），上274，263，346,上346,290,interp
part0048,高贵的意识（Edelmütiges Bewußtsein），下54,下54,354,term
part0048,害怕（Angst），下276,下276,575,term1
part0048,宾词（Prädikat），上64，292,上64,14,term
part0048,宾词（Prädikat），上64，292,上292,236,term
part0048,家庭守护神（Penaten），下19，35，36,下19,318,term1
part0048,家庭守护神（Penaten），下19，35，36,下35,334,term
part0048,家庭守护神（Penaten），下19，35，36,下36,335,term
part0048,酒神（Bacchus），上126，下210，214,上126,74,term1
part0048,酒神（Bacchus），上126，下210，214,下210,510,term1
part0048,酒神（Bacchus），上126，下210，214,下214,515,term
part0048,能力（Fähigkeit），上263，下81,上263,207,term
part0048,能力（Fähigkeit），上263，下81,下81,381,term
part0048,经验（Erfahrung），上10，56，168，173，280，300,上10,,none
part0048,经验（Erfahrung），上10，56，168，173，280，300,上56,6,term
part0048,经验（Erfahrung），上10，56，168，173，280，300,上168,116,term
part0048,经验（Erfahrung），上10，56，168，173，280，300,上173,119,term
part0048,经验（Erfahrung），上10，56，168，173，280，300,上280,225,term
part0048,经验（Erfahrung），上10，56，168，173，280，300,上300,244,term
part0048,经验主义（Empirismus），上221,上221,165,term1
part0048,教条主义（Dogmatismus），上76,上76,26,term1
part0048,教养（Zucht），上289,上289,233,term
part0048,教养（教化）（Bildung），上20，下42,上20,xxii,interp
part0048,教养（教化）（Bildung），上20，下42,下42,341,interp
part0048,现实（现实性）（Wirklichkeit），上244，250，255，263，2,上244,188,term
part0048,现实（现实性）（Wirklichkeit），上244，250，255，263，2,上250,194,term
part0048,现实（现实性）（Wirklichkeit），上244，250，255，263，2,上255,200,term
part0048,现实（现实性）（Wirklichkeit），上244，250，255，263，2,上263,207,term
part0048,现实（现实性）（Wirklichkeit），上244，250，255，263，2,上267,211,term
part0048,现实（现实性）（Wirklichkeit），上244，250，255，263，2,上269,213,term
part0048,现实（现实性）（Wirklichkeit），上244，250，255，263，2,上288,232,term
part0048,现实（现实性）（Wirklichkeit），上244，250，255，263，2,下6,306,term
part0048,现实（现实性）（Wirklichkeit），上244，250，255，263，2,下38,337,term
part0048,现实（现实性）（Wirklichkeit），上244，250，255，263，2,下44,343,term
part0048,现实（现实性）（Wirklichkeit），上244，250，255，263，2,下98,398,term
part0048,现实（现实性）（Wirklichkeit），上244，250，255，263，2,下114,414,term
part0048,现实（现实性）（Wirklichkeit），上244，250，255，263，2,下137,437,term
part0048,现实（现实性）（Wirklichkeit），上244，250，255，263，2,下151,452,term
part0048,现实（现实性）（Wirklichkeit），上244，250，255，263，2,下180,481,term
part0048,现象（Erscheinung），上30，48，106,上30,xxxi,term
part0048,现象（Erscheinung），上30，48，106,上48,xlix,term
part0048,现象（Erscheinung），上30，48，106,上106,53,interp
part0048,理性（Vernunft），上97，152，229，234，下183，265,上97,47,term
part0048,理性（Vernunft），上97，152，229，234，下183，265,上152,100,term
part0048,理性（Vernunft），上97，152，229，234，下183，265,上229,173,term
part0048,理性（Vernunft），上97，152，229，234，下183，265,上234,178,term
part0048,理性（Vernunft），上97，152，229，234，下183，265,下183,483,term
part0048,理性（Vernunft），上97，152，229，234，下183，265,下265,566,interp
part0048,理智（Verstand），下196,下196,497,term
part0048,理解（Verstand），上231,上231,176,term
part0048,描写（Beschreiben），上224,上224,168,term
part0048,推论（Schluß），上152，下56,上152,100,term
part0048,推论（Schluß），上152，下56,下56,355,term
part0048,唯心主义（Idealismus），上198，下84,上198,145,term
part0048,唯心主义（Idealismus），上198，下84,下84,384,term1
part0048,崇拜（Kultus），下205，206，209,下205,506,term
part0048,崇拜（Kultus），下205，206，209,下206,506,term
part0048,崇拜（Kultus），下205，206，209,下209,509,term
part0048,崇拜（Andacht），下206,下206,506,term
part0048,虚妄性（Eitelkeit），下72，84，175,下72,372,term
part0048,虚妄性（Eitelkeit），下72，84，175,下84,383,term
part0048,虚妄性（Eitelkeit），下72，84，175,下175,476,term
part0048,假象（Schein），上84,上84,34,term
part0048,偶性（Akzidens），上92,上92,42,term
part0048,欲望（Begierde），上175，178，179，180，182，186，20,上175,122,term
part0048,欲望（Begierde），上175，178，179，180，182，186，20,上178,125,term
part0048,欲望（Begierde），上175，178，179，180，182，186，20,上179,126,term
part0048,欲望（Begierde），上175，178，179，180，182，186，20,上180,126,term
part0048,欲望（Begierde），上175，178，179，180，182，186，20,上182,128,term
part0048,欲望（Begierde），上175，178，179，180，182，186，20,上186,133,term
part0048,欲望（Begierde），上175，178，179，180，182，186，20,上208,154,term
part0048,欲望（Begierde），上175，178，179，180，182，186，20,下13,312,term
part0048,符号（Zeichen），上267,上267,211,term
part0048,情感（Leidenschaft），下19,下19,318,term
part0048,情感（Empfindung），上286,上286,231,term
part0048,情感（Gefühl），上11,上11,xiii,interp
part0048,情况（Umstände），下154,下154,455,term
part0048,情调（Pathos），下202，206,下202,502,term
part0048,情调（Pathos），下202，206,下206,507,term
part0048,情欲（Trieb），下131，231,下131,431,term
part0048,情欲（Trieb），下131，231,下231,531,term
part0048,宽恕（Verzeihung），下177，258,下177,479,term
part0048,宽恕（Verzeihung），下177，258,下258,558,interp
part0048,谚语（Sprichwörter），上99,上99,48,term1
part0048,堕地（Fall），上230,上230,174,term
part0048,"超感官（Übersinnliche,das），上142，下183",上142,90,term
part0048,"超感官（Übersinnliche,das），上142，下183",下183,484,term
part0048,喜悦（Ekstase），上55,上55,4,interp
part0048,斯多葛主义（Stoizismus），上191，下41,上191,138,term
part0048,斯多葛主义（Stoizismus），上191，下41,下41,340,term
part0048,斯芬克斯（Sphinx），下224,下224,525,term1
part0048,植物（Pflanze），上225，下194,上225,169,term
part0048,植物（Pflanze），上225，下194,下194,495,term
part0048,确信（确定性）（Gewißheit），上55，179，222，下91，96，10,上55,5,term
part0048,确信（确定性）（Gewißheit），上55，179，222，下91，96，10,上179,126,term
part0048,确信（确定性）（Gewißheit），上55，179，222，下91，96，10,上222,166,term
part0048,确信（确定性）（Gewißheit），上55，179，222，下91，96，10,下91,391,term
part0048,确信（确定性）（Gewißheit），上55，179，222，下91，96，10,下96,396,term
part0048,确信（确定性）（Gewißheit），上55，179，222，下91，96，10,下105,405,term
part0048,确信（确定性）（Gewißheit），上55，179，222，下91，96，10,下149,450,term
part0048,确信（确定性）（Gewißheit），上55，179，222，下91，96，10,下150,451,term
part0048,确信（确定性）（Gewißheit），上55，179，222，下91，96，10,下158,459,term
part0048,确信（确定性）（Gewißheit），上55，179，222，下91，96，10,下188,488,term
part0048,确信（确定性）（Gewißheit），上55，179，222，下91，96，10,下258,558,term
part0048,悲剧（Komödie），下225,下225,527,term
part0048,悲剧（Tragödie），下221,下221,522,term
part0048,悲怆情素（Pathos），下31，34,下31,330,term
part0048,悲怆情素（Pathos），下31，34,下34,333,term
part0048,量（Quantität），上186，187，190,上186,133,interp
part0048,量（Quantität），上186，187，190,上187,134,interp
part0048,量（Quantität），上186，187，190,上190,137,interp
part0048,惩罚（Strafe），上162,上162,110,term
part0048,等级制（Kaste），下200,下200,500,term
part0048,"善（Gute,das），上274，275，下48，71，156，244",上274,219,interp
part0048,"善（Gute,das），上274，275，下48，71，156，244",上275,220,interp
part0048,"善（Gute,das），上274，275，下48，71，156，244",下48,347,interp
part0048,"善（Gute,das），上274，275，下48，71，156，244",下71,371,interp
part0048,"善（Gute,das），上274，275，下48，71，156，244",下156,457,interp
part0048,"善（Gute,das），上274，275，下48，71，156，244",下244,544,interp
part0048,"最高的善（Gut,das höchste），下141",下141,442,term
part0048,愤怒（Zorn），上278,上278,223,term
part0048,道德（Moralität），上194，262，下126,上194,140,term
part0048,道德（Moralität），上194，262，下126,上262,207,term
part0048,道德（Moralität），上194，262，下126,下126,427,term
part0048,道德的侍仆（Moralischer Kammerdiener），下175,下175,476,term1
part0048,普遍的东西（Allgemeines），上66,上66,16,term
part0048,"普遍的善的行为（Beste,das allgemeine），下160",下160,461,term1
part0048,痛苦（Schmerz），下183，201，234,下183,483,term
part0048,痛苦（Schmerz），下183，201，234,下201,502,term
part0048,痛苦（Schmerz），下183，201，234,下234,534,term
part0048,媒介（Medium），上104,上104,,none
part0048,属性（Eigenschaft），上226,上226,170,term
part0048,概念（Begriff），上28，58，114，132，138，161，164，1,上28,xxx,interp
part0048,概念（Begriff），上28，58，114，132，138，161，164，1,上58,7,term
part0048,概念（Begriff），上28，58，114，132，138，161，164，1,上114,60,term
part0048,概念（Begriff），上28，58，114，132，138，161，164，1,上132,80,term
part0048,概念（Begriff），上28，58，114，132，138，161，164，1,上138,86,term
part0048,概念（Begriff），上28，58，114，132，138，161，164，1,上161,109,term
part0048,概念（Begriff），上28，58，114，132，138，161，164，1,上164,112,term
part0048,概念（Begriff），上28，58，114，132，138，161，164，1,上181,127,term
part0048,概念（Begriff），上28，58，114，132，138，161，164，1,上190,137,term
part0048,概念（Begriff），上28，58，114，132，138，161，164，1,上198,145,term
part0048,概念（Begriff），上28，58，114，132，138，161，164，1,上199,145,term
part0048,概念（Begriff），上28，58，114，132，138，161，164，1,上228,172,term
part0048,概念（Begriff），上28，58，114，132，138，161，164，1,上229,173,term
part0048,概念（Begriff），上28，58，114，132，138，161，164，1,上230,174,term
part0048,概念（Begriff），上28，58，114，132，138，161，164，1,上269,214,term
part0048,概念（Begriff），上28，58，114，132，138，161，164，1,下65,365,term
part0048,概念（Begriff），上28，58，114，132，138，161，164，1,下85,385,term
part0048,概念（Begriff），上28，58，114，132，138，161，164，1,下100,400,term
part0048,概念（Begriff），上28，58，114，132，138，161，164，1,下114,414,term
part0048,概念（Begriff），上28，58，114，132，138，161，164，1,下167,468,term
part0048,概念（Begriff），上28，58，114，132，138，161，164，1,下265,566,term
part0048,概念（Begriff），上28，58，114，132，138，161，164，1,下271,571,term
part0048,感性（Sinnlichkeit），下131，142，143，153,下131,431,term
part0048,感性（Sinnlichkeit），下131，142，143，153,下142,443,term
part0048,感性（Sinnlichkeit），下131，142，143，153,下143,443,term
part0048,感性（Sinnlichkeit），下131，142，143，153,下153,454,term
part0048,感受性（Sensibilität），上239,上239,184,term
part0048,感觉（Gefühl），上6,上6,,none
part0048,感谢（Danken），上207,上207,153,term
part0048,搀合作用（Synsomatien），上231,上231,175,term1
part0048,罪恶（Lasten），上319,上319,263,term
part0048,罪行（罪责）（Schuld），下28，225,下28,327,term
part0048,罪行（罪责）（Schuld），下28，225,下225,525,term
part0048,狮身人面的神像（Sphinx），下198,下198,499,interp
part0048,解释（Erklären），上159,上159,107,term
part0048,意志（Wille），下118,下118,419,term
part0048,意图（Absicht），下165,下165,467,term
part0048,意境（Gesinnung），下31,下31,330,term
part0048,"意谓（Meinen,Meinung），上117，217，221",上117,65,term
part0048,"意谓（Meinen,Meinung），上117，217，221",上217,161,term
part0048,"意谓（Meinen,Meinung），上117，217，221",上221,165,term
part0048,韵律（Rhythmus），上94,上94,43,term
part0048,"福利（Beste,das），下57",下57,357,term
part0048,福利（Wohl），上208，308,上208,154,term
part0048,福利（Wohl），上208，308,上308,252,term
part0048,数（Zahl），上241，242,上241,186,interp
part0048,数（Zahl），上241，242,上242,187,interp
part0048,数学（Mathematik），上75,上75,25,term
part0048,数量（Größe），上241，242,上241,186,term
part0048,数量（Größe），上241，242,上242,186,term
part0048,嫉妒（Neid），下145,下145,446,term
part0048,歌唱者（Sänger），下218,下218,518,term
part0048,磁石（磁场）（Magnet），上162,上162,110,term1
part0048,需要（Bedürfnis），下13,下13,312,term
part0048,精神（Geist），上153，166，218，224，258，259，262，2,上153,101,term
part0048,精神（Geist），上153，166，218，224，258，259，262，2,上166,114,term
part0048,精神（Geist），上153，166，218，224，258，259，262，2,上218,162,term
part0048,精神（Geist），上153，166，218，224，258，259，262，2,上224,168,term
part0048,精神（Geist），上153，166，218，224，258，259，262，2,上258,203,term
part0048,精神（Geist），上153，166，218，224，258，259，262，2,上259,203,term
part0048,精神（Geist），上153，166，218，224，258，259，262，2,上262,207,term
part0048,精神（Geist），上153，166，218，224，258，259，262，2,上263,208,term
part0048,精神（Geist），上153，166，218，224，258，259，262，2,下5,305,term
part0048,精神（Geist），上153，166，218，224，258，259，262，2,下6,305,term
part0048,精神（Geist），上153，166，218，224，258，259，262，2,下44,343,term
part0048,精神（Geist），上153，166，218，224，258，259，262，2,下75,374,term
part0048,精神（Geist），上153，166，218，224，258，259，262，2,下109,409,term
part0048,精神（Geist），上153，166，218，224，258，259，262，2,下179,480,term
part0048,精神（Geist），上153，166，218，224，258，259，262，2,下232,532,term
part0048,精神（Geist），上153，166，218，224，258，259，262，2,下240,540,term
part0048,精神（Geist），上153，166，218，224，258，259，262，2,下251,551,term
part0048,精神（Geist），上153，166，218，224，258，259，262，2,下265,565,term
part0048,精神（Geist），上153，166，218，224，258，259，262，2,下266,566,term
part0048,演员（Schauspieler），下222，228，229,下222,522,term
part0048,演员（Schauspieler），下222，228，229,下228,529,term
part0048,演员（Schauspieler），下222，228，229,下229,529,term
part0048,缪斯（Muse），下218,下218,518,term1
part0048,德行（Tugend），上298，301，下22，56，75,上298,243,term
part0048,德行（Tugend），上298，301，下22，56，75,上301,246,term
part0048,德行（Tugend），上298，301，下22，56，75,下22,321,term
part0048,德行（Tugend），上298，301，下22，56，75,下56,355,term
part0048,德行（Tugend），上298，301，下22，56，75,下75,375,term
part0048,影响（Einfluß），上193，233，259,上193,139,term
part0048,影响（Einfluß），上193，233，259,上233,178,term
part0048,影响（Einfluß），上193，233，259,上259,204,term
part0048,默想（默祷）（Andacht），上204，下206,上204,150,term
part0048,默想（默祷）（Andacht），上204，下206,下206,507,interp
part0048,雕像（Bildsäule），下198，211，222，231,下198,498,term
part0048,雕像（Bildsäule），下198，211，222，231,下211,511,term
part0048,雕像（Bildsäule），下198，211，222，231,下222,522,term
part0048,雕像（Bildsäule），下198，211，222，231,下231,532,term
part0048,赞美歌（Hymne），下205,下205,506,term
part0048,凝聚性（Kohäsion），上253,上253,197,term
part0048,激怒反抗（Empörung），下67,下67,366,term1
part0048,激动性（Irritabilität），上239,上239,184,term
part0049,马克白斯（Macbeth），下224,下224,525,interp
part0049,汉姆雷特（Hamlet），下225,下225,526,interp
part0049,亚里士多德（Aristoteles），上47,上47,xlviii,interp
part0049,安提戈涅（Antigone），下30,下30,329,term1
part0049,苏格拉底（Sokrates），下207,下207,508,interp
part0049,李希屯伯格（Lichtenberg），上272，275,上272,217,term
part0049,李希屯伯格（Lichtenberg），上272，275,上275,219,term
part0049,狄德罗（Diderot），下47，66，88,下47,346,interp
part0049,狄德罗（Diderot），下47，66，88,下66,366,interp
part0049,狄德罗（Diderot），下47，66，88,下88,388,interp
part0049,阿那克萨哥拉（Anaxagoras），上89,上89,38,term
part0049,波里尼西斯（Polyneikes），下32,下32,331,interp
part0049,柏拉图（Plato），上15，278,上15,xvii,interp
part0049,柏拉图（Plato），上15，278,上278,223,term
part0049,费希特（Fichte），上37,上37,xxxviii,interp
part0049,莎士比亚（Shakespeare），上284，下224,上284,228,interp
part0049,莎士比亚（Shakespeare），上284，下224,下224,525,interp
part0049,索伦（Solon），上270,上270,214,term
part0049,索福克勒斯（Sophokles），下25,下25,324,interp
part0049,埃特奥克来斯（Eteokles），下32,下32,331,interp
part0049,席勒（Schiller），上268，下280,上268,213,interp
part0049,席勒（Schiller），上268，下280,下280,579,interp
part0049,康德（Kant），上11，下138，274,上11,xiii,interp
part0049,康德（Kant），上11，下138，274,下138,440,term1
part0049,康德（Kant），上11，下138，274,下274,574,interp
part0049,勒辛（Lessing，通译莱辛），上75,上75,25,interp
part0049,第欧根尼（Diogenes），下72,下72,372,term1
part0049,笛卡尔（Cartesius），下113,下113,413,term1
part0049,奥里根（Origines），下107,下107,407,term1
part0049,俄狄浦斯（Oedipus），下29，224,下29,328,interp
part0049,俄狄浦斯（Oedipus），下29，224,下224,525,term1
part0049,奥勒提斯（Orestes），下224,下224,525,interp
part0049,歌德（Goethe），上240，下175,上240,184,interp
part0049,歌德（Goethe），上240，下175,下175,476,interp
